date,confirmed,death,recovered,total vaccinated people,percent,confirmed_diff,death_diff,recovered_diff,percent_diff
2020-03-12,3,1,,,,1.0,1.0,,
2020-03-13,24,1,,,,21.0,0.0,,
2020-03-14,36,1,,,,12.0,0.0,,
2020-03-15,45,1,,,,9.0,0.0,,
2020-03-16,76,1,,,,31.0,0.0,,
2020-03-17,90,1,,,,14.0,0.0,,
2020-03-18,159,2,,,,69.0,1.0,,
2020-03-19,314,2,,,,155.0,0.0,,
2020-03-20,471,3,,,,157.0,1.0,,
2020-03-21,625,6,,,,154.0,3.0,,
2020-03-22,1131,12,,,,506.0,6.0,,
2020-03-23,1454,18,,,,323.0,6.0,,
2020-03-24,1942,31,,,,488.0,13.0,,
2020-03-25,2468,51,,,,526.0,20.0,,
2020-03-26,3032,71,,,,564.0,20.0,,
2020-03-27,3848,107,,,,816.0,36.0,,
2020-03-28,4890,130,,,,1042.0,23.0,,
2020-03-29,5753,157,,,,863.0,27.0,,
2020-03-30,6803,213,,,,1050.0,56.0,,
2020-03-31,7951,292,,,,1148.0,79.0,,
2020-04-01,9717,370,,,,1766.0,78.0,,
2020-04-02,11230,453,,,,1513.0,83.0,,
2020-04-03,13221,518,,,,1991.0,65.0,,
2020-04-04,14735,585,,,,1514.0,67.0,,
2020-04-05,16268,675,,,,1533.0,90.0,,
2020-04-06,17820,793,,,,1552.0,118.0,,
2020-04-07,19644,917,,,,1824.0,124.0,,
2020-04-08,21076,1037,,,,1432.0,120.0,,
2020-04-09,22297,1164,,,,1221.0,127.0,,
2020-04-10,23279,1371,,,,982.0,207.0,,
2020-04-11,24500,1487,,,,1221.0,116.0,,
2020-04-12,25183,1592,,,,683.0,105.0,,
2020-04-13,26622,1724,,,,1439.0,132.0,,
2020-04-14,28042,1899,,,,1420.0,175.0,,
2020-04-15,29144,2056,,,,1102.0,157.0,,
2020-04-16,29966,2136,,,,822.0,80.0,,
2020-04-17,31225,2375,,,,1259.0,239.0,,
2020-04-18,32031,2460,,,,806.0,85.0,,
2020-04-19,32688,2551,,,,657.0,91.0,,
2020-04-20,33324,2637,,,,636.0,86.0,,
2020-04-21,34048,2746,,,,724.0,109.0,,
2020-04-22,35404,2987,,,,1356.0,241.0,,
2020-04-23,36845,3157,,,,1441.0,170.0,,
2020-04-24,38330,3267,,,,1485.0,110.0,,
2020-04-25,38789,3339,,,,459.0,72.0,,
2020-04-26,39540,3505,,,,751.0,166.0,,
2020-04-27,40034,3598,,,,494.0,93.0,,
2020-04-28,41166,3766,,,,1132.0,168.0,,
2020-04-29,42379,3869,,,,1213.0,103.0,,
2020-04-30,43478,3991,,,,1099.0,122.0,,
2020-05-01,44524,4069,,,,1046.0,78.0,,
2020-05-02,45424,4224,,,,900.0,155.0,,
2020-05-03,46047,4258,,,,623.0,34.0,,
2020-05-04,46348,4345,,,,301.0,87.0,,
2020-05-05,46914,4391,,,,566.0,46.0,,
2020-05-06,47738,4465,,,,824.0,74.0,,
2020-05-07,48412,4556,,,,674.0,91.0,,
2020-05-08,49170,4614,,,,758.0,58.0,,
2020-05-09,49676,4757,,,,506.0,143.0,,
2020-05-10,50086,4783,,,,410.0,26.0,,
2020-05-11,50631,4812,,,,545.0,29.0,,
2020-05-12,51263,4904,,,,632.0,92.0,,
2020-05-13,51819,4945,,,,556.0,41.0,,
2020-05-14,53167,5019,,,,1348.0,74.0,,
2020-05-15,53810,5058,,,,643.0,39.0,,
2020-05-16,54315,5114,,,,505.0,56.0,,
2020-05-17,54963,5124,,,,648.0,10.0,,
2020-05-18,55855,5148,,,,892.0,24.0,,
2020-05-19,56465,5250,,,,610.0,102.0,,
2020-05-20,57322,5296,,,,857.0,46.0,,
2020-05-21,57988,5366,,,,666.0,70.0,,
2020-05-22,58543,5395,,,,555.0,29.0,,
2020-05-23,59046,5460,,,,503.0,65.0,,
2020-05-24,59395,5466,,,,349.0,6.0,,
2020-05-25,59621,5479,,,,226.0,13.0,,
2020-05-26,59974,5506,,,,353.0,27.0,,
2020-05-27,60592,5574,,,,618.0,68.0,,
2020-05-28,61116,5612,,,,524.0,38.0,,
2020-05-29,61833,5646,,,,717.0,34.0,,
2020-05-30,62225,5704,,,,392.0,58.0,,
2020-05-31,62711,5731,,,,486.0,27.0,,
2020-06-01,62928,5758,,,,217.0,27.0,,
2020-06-02,63240,5795,,,,312.0,37.0,,
2020-06-03,63657,5813,,,,417.0,18.0,,
2020-06-04,63979,5839,,,,322.0,26.0,,
2020-06-05,64821,5909,,,,842.0,70.0,,
2020-06-06,64914,5916,,,,93.0,7.0,,
2020-06-07,64969,5927,,,,55.0,11.0,,
2020-06-08,65104,5942,,,,135.0,15.0,,
2020-06-09,65167,5951,,,,63.0,9.0,,
2020-06-10,65182,5952,,,,15.0,1.0,,
2020-06-11,65449,5985,,,,267.0,33.0,,
2020-06-12,65672,5990,,,,223.0,5.0,,
2020-06-13,65836,6013,,,,164.0,23.0,,
2020-06-14,66054,6016,,,,218.0,3.0,,
2020-06-15,66085,6018,,,,31.0,2.0,,
2020-06-16,66269,6034,,,,184.0,16.0,,
2020-06-17,66497,6036,,,,228.0,2.0,,
2020-06-18,66798,6061,,,,301.0,25.0,,
2020-06-19,67097,6067,,,,299.0,6.0,,
2020-06-20,67545,6087,,,,448.0,20.0,,
2020-06-21,67711,6090,,,,166.0,3.0,,
2020-06-22,67957,6097,,,,246.0,7.0,,
2020-06-23,68197,6109,,,,240.0,12.0,,
2020-06-24,68555,6114,,,,358.0,5.0,,
2020-06-25,68989,6133,,,,434.0,19.0,,
2020-06-26,69329,6134,,,,340.0,1.0,,
2020-06-27,69679,6153,,,,350.0,19.0,,
2020-06-28,69946,6157,,,,267.0,4.0,,
2020-06-29,70223,6161,,,,277.0,4.0,,
2020-06-30,70728,6193,,,,505.0,32.0,,
2020-07-01,71089,6198,,,,361.0,5.0,,
2020-07-02,71678,6212,,,,589.0,14.0,,
2020-07-03,72175,6215,,,,497.0,3.0,,
2020-07-04,72581,6218,,,,406.0,3.0,,
2020-07-05,72941,6218,,,,360.0,0.0,,
2020-07-06,73267,6221,,,,326.0,3.0,,
2020-07-07,73900,6251,,,,633.0,30.0,,
2020-07-08,74551,6262,,,,651.0,11.0,,
2020-07-09,75063,6271,,,,512.0,9.0,,
2020-07-10,75685,6285,,,,622.0,14.0,,
2020-07-11,76370,6313,,,,685.0,28.0,,
2020-07-12,76776,6314,,,,406.0,1.0,,
2020-07-13,77198,6321,,,,422.0,7.0,,
2020-07-14,77864,6326,,,,666.0,5.0,,
2020-07-15,78913,6330,,,,1049.0,4.0,,
2020-07-16,79839,6348,,,,926.0,18.0,,
2020-07-17,80593,6355,,,,754.0,7.0,,
2020-07-18,81338,6364,,,,745.0,9.0,,
2020-07-19,81868,6366,,,,530.0,2.0,,
2020-07-20,82395,6373,,,,527.0,7.0,,
2020-07-21,83059,6382,,,,664.0,9.0,,
2020-07-22,83730,6388,,,,671.0,6.0,,
2020-07-23,84431,6395,,,,701.0,7.0,,
2020-07-24,85072,6400,,,,641.0,5.0,,
2020-07-25,85622,6400,,,,550.0,0.0,,
2020-07-26,86661,6400,,,,1039.0,0.0,,
2020-07-27,87173,6405,,,,512.0,5.0,,
2020-07-28,87958,6421,,,,785.0,16.0,,
2020-07-29,88974,6422,,,,1016.0,1.0,,
2020-07-30,89781,6443,,,,807.0,21.0,,
2020-07-31,90574,6450,,,,793.0,7.0,,
2020-08-01,91332,6457,,,,758.0,7.0,,
2020-08-02,91758,6457,,,,426.0,0.0,,
2020-08-03,92374,6467,,,,616.0,10.0,,
2020-08-04,93175,6471,,,,801.0,4.0,,
2020-08-05,93893,6478,,,,718.0,7.0,,
2020-08-06,94656,6506,,,,763.0,28.0,,
2020-08-07,95470,6524,,,,814.0,18.0,,
2020-08-08,96191,6520,,,,721.0,-4.0,,
2020-08-09,96726,6519,,,,535.0,-1.0,,
2020-08-10,97306,6526,,,,580.0,7.0,,
2020-08-11,98213,6533,,,,907.0,7.0,,
2020-08-12,98689,6539,,,,476.0,6.0,,
2020-08-13,99856,6555,,,,1167.0,16.0,,
2020-08-14,100724,6566,,,,868.0,11.0,,
2020-08-15,101782,6586,,,,1058.0,20.0,,
2020-08-16,102259,6592,,,,477.0,6.0,,
2020-08-17,102749,6592,,,,490.0,0.0,,
2020-08-18,103402,6608,,,,653.0,16.0,,
2020-08-19,104091,6618,,,,689.0,10.0,,
2020-08-20,104618,6634,,,,527.0,16.0,,
2020-08-21,104618,6634,,,,0.0,0.0,,
2020-08-22,106044,6655,,,,1426.0,21.0,,
2020-08-23,106808,6659,,,,764.0,4.0,,
2020-08-24,107686,6663,,,,878.0,4.0,,
2020-08-25,108637,6684,,,,951.0,21.0,,
2020-08-26,109480,6690,,,,843.0,6.0,,
2020-08-27,110343,6706,,,,863.0,16.0,,
2020-08-28,111136,6712,,,,793.0,6.0,,
2020-08-29,111136,6712,,,,0.0,0.0,,
2020-08-30,112526,6748,,,,1390.0,36.0,,
2020-08-31,113025,6753,,,,499.0,5.0,,
2020-09-01,113820,6767,,,,795.0,14.0,,
2020-09-02,114468,6781,,,,648.0,14.0,,
2020-09-03,115242,6791,,,,774.0,10.0,,
2020-09-04,116295,6798,,,,1053.0,7.0,,
2020-09-05,117191,6806,,,,896.0,8.0,,
2020-09-06,117191,6806,,,,0.0,0.0,,
2020-09-07,118403,6810,,,,1212.0,4.0,,
2020-09-08,118902,6811,,,,499.0,1.0,,
2020-09-09,119872,6886,,,,970.0,75.0,,
2020-09-10,120846,6894,,,,974.0,8.0,,
2020-09-11,122251,6900,,,,1405.0,6.0,,
2020-09-12,123058,6911,,,,807.0,11.0,,
2020-09-13,123058,6911,,,,0.0,0.0,,
2020-09-14,124287,6921,,,,1229.0,10.0,,
2020-09-15,124976,6932,,,,689.0,11.0,,
2020-09-16,125742,6943,,,,766.0,11.0,,
2020-09-17,126722,6955,,,,980.0,12.0,,
2020-09-18,127500,6954,,,,778.0,-1.0,,
2020-09-19,128087,6969,,,,587.0,15.0,,
2020-09-20,128087,6969,,,,0.0,0.0,,
2020-09-21,129662,6981,,,,1575.0,12.0,,
2020-09-22,130357,6997,,,,695.0,16.0,,
2020-09-23,131259,7013,,,,902.0,16.0,,
2020-09-24,132337,7019,,,,1078.0,6.0,,
2020-09-25,133377,7027,,,,1040.0,8.0,,
2020-09-26,134373,7044,,,,996.0,17.0,,
2020-09-27,134373,7044,,,,0.0,0.0,,
2020-09-28,135702,7051,,,,1329.0,7.0,,
2020-09-29,136820,7072,,,,1118.0,21.0,,
2020-09-30,138014,7083,,,,1194.0,11.0,,
2020-10-01,139012,7102,,,,998.0,19.0,,
2020-10-02,139996,7110,,,,984.0,8.0,,
2020-10-03,141271,7124,,,,1275.0,14.0,,
2020-10-04,141271,7124,,,,0.0,0.0,,
2020-10-05,142726,7139,,,,1455.0,15.0,,
2020-10-06,143877,7161,,,,1151.0,22.0,,
2020-10-07,145092,7169,,,,1215.0,8.0,,
2020-10-08,146493,7193,,,,1401.0,24.0,,
2020-10-09,147816,7200,,,,1323.0,7.0,,
2020-10-10,149453,7219,,,,1637.0,19.0,,
2020-10-11,149453,7219,,,,0.0,0.0,,
2020-10-12,151396,7225,,,,1943.0,6.0,,
2020-10-13,152862,7255,,,,1466.0,30.0,,
2020-10-14,154455,7268,,,,1593.0,13.0,,
2020-10-15,156913,7302,,,,2458.0,34.0,,
2020-10-16,159119,7317,,,,2206.0,15.0,,
2020-10-17,161105,7340,,,,1986.0,23.0,,
2020-10-18,161105,7340,,,,0.0,0.0,,
2020-10-19,164123,7363,,,,3018.0,23.0,,
2020-10-20,165994,7383,,,,1871.0,20.0,,
2020-10-21,167872,7418,,,,1878.0,35.0,,
2020-10-22,170076,7464,,,,2204.0,46.0,,
2020-10-23,172122,7484,,,,2046.0,20.0,,
2020-10-24,175612,7522,,,,3490.0,38.0,,
2020-10-25,175612,7522,,,,0.0,0.0,,
2020-10-26,179669,7552,,,,4057.0,30.0,,
2020-10-27,182344,7585,,,,2675.0,33.0,,
2020-10-28,185934,7606,,,,3590.0,21.0,,
2020-10-29,190043,7653,,,,4109.0,47.0,,
2020-10-30,193388,7665,,,,3345.0,12.0,,
2020-10-31,197406,7699,,,,4018.0,34.0,,
2020-11-01,197406,7699,,,,0.0,0.0,,
2020-11-02,204326,7716,,,,6920.0,17.0,,
2020-11-03,207763,7761,,,,3437.0,45.0,,
2020-11-04,212160,7782,,,,4397.0,21.0,,
2020-11-05,218263,7833,,,,6103.0,51.0,,
2020-11-06,222509,7880,,,,4246.0,47.0,,
2020-11-07,229073,7945,,,,6564.0,65.0,,
2020-11-08,229073,7945,,,,0.0,0.0,,
2020-11-09,238308,8008,,,,9235.0,63.0,,
2020-11-10,245252,8094,,,,6944.0,86.0,,
2020-11-11,251872,8136,,,,6620.0,42.0,,
2020-11-12,259183,8185,,,,7311.0,49.0,,
2020-11-13,268362,8308,,,,9179.0,123.0,,
2020-11-14,275792,8376,,,,7430.0,68.0,,
2020-11-15,275792,8376,,,,0.0,0.0,,
2020-11-16,288954,8431,,,,13162.0,55.0,,
2020-11-17,296840,8511,,,,7886.0,80.0,,
2020-11-18,303058,8573,,,,6218.0,62.0,,
2020-11-19,311041,8717,,,,7983.0,144.0,,
2020-11-20,321181,8774,,,,10140.0,57.0,,
2020-11-21,329021,8875,,,,7840.0,101.0,,
2020-11-22,329021,8875,,,,0.0,0.0,,
2020-11-23,340964,8940,,,,11943.0,65.0,,
2020-11-24,347746,9094,,,,6782.0,154.0,,
2020-11-25,352433,9170,,,,4687.0,76.0,,
2020-11-26,352433,9170,,,,0.0,0.0,,
2020-11-27,369801,9357,,,,17368.0,187.0,,
2020-11-28,378152,9467,,,,8351.0,110.0,,
2020-11-29,378152,9467,,,,0.0,0.0,,
2020-11-30,388942,9564,,,,10790.0,97.0,,
2020-12-01,395453,9759,,,,6511.0,195.0,,
2020-12-02,402886,9842,,,,7433.0,83.0,,
2020-12-03,410843,10035,,,,7957.0,193.0,,
2020-12-04,420268,10117,,,,9425.0,82.0,,
2020-12-05,426576,10321,,,,6308.0,204.0,,
2020-12-06,426576,10321,,,,0.0,0.0,,
2020-12-07,436400,10422,,,,9824.0,101.0,,
2020-12-08,443076,10625,,,,6676.0,203.0,,
2020-12-09,448418,10706,,,,5342.0,81.0,,
2020-12-10,454720,10900,,,,6302.0,194.0,,
2020-12-11,460346,10965,,,,5626.0,65.0,,
2020-12-12,465159,11195,,,,4813.0,230.0,,
2020-12-13,465159,11195,,,,0.0,0.0,,
2020-12-14,472780,11289,,,,7621.0,94.0,,
2020-12-15,478171,11495,,10.0,1.0013160296577792e-06,5391.0,206.0,,
2020-12-16,482815,11588,,352.0,3.524632424395383e-05,4644.0,93.0,,3.424500821429605e-05
2020-12-17,487356,11801,,1097.0,0.00010984436845345838,4541.0,213.0,,7.459804420950454e-05
2020-12-18,491875,11868,,2847.0,0.00028507467364356976,4519.0,67.0,,0.00017523030519011137
2020-12-19,496056,12074,,9781.0,0.0009793872086082739,4181.0,206.0,,0.0006943125349647041
2020-12-20,496056,12074,,12430.0,0.0012446358248646195,0.0,0.0,,0.0002652486162563457
2020-12-21,501115,12153,,13321.0,0.0013338530831071276,5059.0,79.0,,8.921725824250805e-05
2020-12-22,504629,12342,,26737.0,0.002677218668496004,3514.0,189.0,,0.0013433655853888765
2020-12-23,508449,12415,,37660.0,0.0037709561676911967,3820.0,73.0,,0.0010937374991951926
2020-12-24,508449,12415,,52309.0,0.005237784019536877,0.0,0.0,,0.0014668278518456803
2020-12-25,508449,12415,,54040.0,0.005411111824270639,0.0,0.0,,0.0001733278047337623
2020-12-26,516326,12690,,54162.0,0.005423327879832464,7877.0,275.0,,1.2216055561824896e-05
2020-12-27,516326,12690,,57227.0,0.005730231242922573,0.0,0.0,,0.00030690336309010906
2020-12-28,519876,12754,,58997.0,0.005907464180172,3550.0,64.0,,0.00017723293724942676
2020-12-29,523839,12966,,74140.0,0.0074237570438827755,3963.0,212.0,,0.0015162928637107755
2020-12-30,528621,13018,,86626.0,0.008674000238513477,4782.0,52.0,,0.001250243194630702
2020-12-31,528621,13018,,106744.0,0.010688447826978998,0.0,0.0,,0.00201444758846552
2021-01-01,528621,13018,,113167.0,0.01133159311282819,0.0,0.0,,0.0006431452858491928
2021-01-02,538121,13306,,114178.0,0.011432826163426592,9500.0,288.0,,0.00010123305059840139
2021-01-03,538121,13306,,118726.0,0.01188822469371495,0.0,0.0,,0.0004553985302883576
2021-01-04,543611,13391,,128390.0,0.012855896504776228,5490.0,85.0,,0.0009676718110612787
2021-01-05,546642,13608,,140245.0,0.014042956657935524,3031.0,217.0,,0.0011870601531592962
2021-01-06,551498,13667,,152511.0,0.015271170899913757,4856.0,59.0,,0.0012282142419782326
2021-01-07,555747,13873,,174749.0,0.017497897486666726,4249.0,206.0,,0.002226726586752969
2021-01-08,559655,13913,,195240.0,0.01954969416303848,3908.0,40.0,,0.0020517966763717553
2021-01-09,562553,14145,,195240.0,0.01954969416303848,2898.0,232.0,,0.0
2021-01-10,562553,14145,,195240.0,0.01954969416303848,0.0,0.0,,0.0
2021-01-11,567682,14192,,233085.0,0.023339174677278345,5129.0,47.0,,0.003789480514239864
2021-01-12,570150,14296,,296588.0,0.029697831860414144,2468.0,104.0,,0.006358657183135798
2021-01-13,573278,14336,,332139.0,0.03325761047745052,3128.0,40.0,,0.003559778617036373
2021-01-14,576573,14511,,368844.0,0.036932940964309394,3295.0,175.0,,0.003675330486858877
2021-01-15,579574,14550,,405992.0,0.04065262975128211,3001.0,39.0,,0.003719688786972715
2021-01-16,581785,14669,,405992.0,0.04065262975128211,2211.0,119.0,,0.0
2021-01-17,581785,14669,,405992.0,0.04065262975128211,0.0,0.0,,0.0
2021-01-18,585128,14686,,487959.0,0.04886011685157803,3343.0,17.0,,0.008207487100295924
2021-01-19,586673,14702,,487959.0,0.04886011685157803,1545.0,16.0,,0.0
2021-01-20,589869,14770,,512906.0,0.05135809995076529,3196.0,68.0,,0.002497983099187258
2021-01-21,592382,14933,,552713.0,0.055344038670024014,2513.0,163.0,,0.003985938719258723
2021-01-22,594920,14951,,598127.0,0.05989141528711185,2538.0,18.0,,0.004547376617087838
2021-01-23,596746,15181,,642111.0,0.06429560371195862,1826.0,230.0,,0.004404188424846772
2021-01-24,596746,15181,,642111.0,0.06429560371195862,0.0,0.0,,0.0
2021-01-25,600093,15219,,642111.0,0.06429560371195862,3347.0,38.0,,0.0
2021-01-26,602168,15305,,730453.0,0.07314142978116138,2075.0,86.0,,0.008845826069202756
2021-01-27,604233,15314,,760066.0,0.07610662693978697,2065.0,9.0,,0.0029651971586255876
2021-01-28,606488,15402,,802106.0,0.08031615952846827,2255.0,88.0,,0.0042095325886813
2021-01-29,608627,15410,,854084.0,0.08552079998742347,2139.0,8.0,,0.005204640458955204
2021-01-30,610138,15525,,909038.0,0.09102343209680483,1511.0,115.0,,0.0055026321093813585
2021-01-31,610138,15525,,909038.0,0.09102343209680483,0.0,0.0,,0.0
2021-02-01,612710,15536,,909038.0,0.09102343209680483,2572.0,11.0,,0.0
2021-02-02,614143,15609,,1001873.0,0.10031914945813282,1433.0,73.0,,0.00929571736132799
2021-02-03,615860,15644,,1028286.0,0.10296392548726792,1717.0,35.0,,0.0026447760291350986
2021-02-04,617745,15725,,1076545.0,0.1077961765147934,1885.0,81.0,,0.004832251027525478
2021-02-05,619499,15750,,1127787.0,0.11292712011396579,1754.0,25.0,,0.005130943599172391
2021-02-06,620685,15854,,1186630.0,0.11881916402728106,1186.0,104.0,,0.00589204391331527
2021-02-07,620685,15854,,1193181.0,0.11947512615830987,0.0,0.0,,0.0006559621310288088
2021-02-08,622813,15863,,1251940.0,0.12535875901697602,2128.0,9.0,,0.005883632858666152
2021-02-09,623731,15925,,1292572.0,0.1294273063086815,918.0,62.0,,0.004068547291705471
2021-02-10,624970,15939,,1339129.0,0.13408913334795922,1239.0,14.0,,0.004661827039277727
2021-02-11,626477,16019,,1391159.0,0.13929898065026866,1507.0,80.0,,0.005209847302309445
2021-02-12,628012,16027,,1446322.0,0.14482254026466987,1535.0,8.0,,0.005523559614401208
2021-02-13,628956,16119,,1517959.0,0.1519956679063293,944.0,92.0,,0.007173127641659421
2021-02-14,628956,16119,,1537856.0,0.15398798641053937,0.0,0.0,,0.0019923185042100833
2021-02-15,630408,16130,,1604973.0,0.1607085192067935,1452.0,11.0,,0.0067205327962541195
2021-02-16,631532,16149,,1634609.0,0.1636760193922873,1124.0,19.0,,0.002967500185493799
2021-02-17,632772,16160,,1657215.0,0.16593959440893166,1240.0,11.0,,0.0022635750166443702
2021-02-18,633973,16251,,1699504.0,0.17017405976675143,1201.0,91.0,,0.004234465357819767
2021-02-19,635446,16274,,1740608.0,0.1742898691750568,1473.0,23.0,,0.00411580940830536
2021-02-20,636269,16342,,1833886.0,0.1836299448364986,823.0,68.0,,0.009340075661441821
2021-02-21,636269,16342,,1884038.0,0.1886517449884383,0.0,0.0,,0.005021800151939704
2021-02-22,637928,16343,,1933648.0,0.19361927381157054,1659.0,1.0,,0.004967528823132228
2021-02-23,639712,16380,,1985511.0,0.19881239913618468,1784.0,37.0,,0.005193125324614134
2021-02-24,641270,16389,,1985511.0,0.19881239913618468,1558.0,9.0,,0.0
2021-02-25,642868,16436,,2044496.0,0.2047186617371211,1598.0,47.0,,0.005906262600936435
2021-02-26,644125,16438,,2103114.0,0.21058817603976906,1257.0,2.0,,0.005869514302647955
2021-02-27,645550,16508,,2165950.0,0.2168800454437267,1425.0,70.0,,0.006291869403957623
2021-02-28,645550,16508,,2245696.0,0.2248651402538356,0.0,0.0,,0.007985094810108923
2021-03-01,647415,16519,,2318415.0,0.23214661028990402,1865.0,11.0,,0.00728147003606841
2021-03-02,649057,16544,,2357259.0,0.2360361222755067,1642.0,25.0,,0.003889511985602667
2021-03-03,650762,16550,,2389534.0,0.2392678697612272,1705.0,6.0,,0.0032317474857204986
2021-03-04,652589,16589,,2423899.0,0.24270889229714615,1827.0,39.0,,0.003441022535918964
2021-03-05,654380,16601,,2476796.0,0.2480055536992269,1791.0,12.0,,0.005296661402080738
2021-03-06,656072,16658,,2555112.0,0.25584746031709477,1692.0,57.0,,0.007841906617867878
2021-03-07,656072,16658,,2637353.0,0.2640823834766033,0.0,0.0,,0.008234923159508523
2021-03-08,658355,16662,,2765577.0,0.2769216581352872,2283.0,4.0,,0.012839274658683897
2021-03-09,659890,16692,,2765577.0,0.2769216581352872,1535.0,30.0,,0.0
2021-03-10,662572,16700,,2787289.0,0.2790957154988802,2682.0,8.0,,0.002174057363592996
2021-03-11,665141,16722,,2831319.0,0.2835045099774634,2569.0,22.0,,0.004408794478583222
2021-03-12,668085,16729,,2899309.0,0.2903124576631066,2944.0,7.0,,0.00680794768564319
2021-03-13,670088,16769,,2983009.0,0.29869347283134223,2003.0,40.0,,0.00838101516823564
2021-03-14,670088,16769,,3166094.0,0.3170260673603317,0.0,0.0,,0.018332594528989443
2021-03-15,673916,16779,,3166094.0,0.3170260673603317,3828.0,10.0,,0.0
2021-03-16,676494,16805,,3170085.0,0.3174256925877681,2578.0,26.0,,0.0003996252274364176
2021-03-17,680279,16809,,3245598.0,0.3249869303225229,3785.0,4.0,,0.007561237734754811
2021-03-18,683398,16843,,3310710.0,0.3315066992548306,3119.0,34.0,,0.006519768932307712
2021-03-19,687815,16857,,3396328.0,0.3400797668375546,4417.0,14.0,,0.00857306758272397
2021-03-20,691070,16906,,3484418.0,0.34890035974281,3255.0,49.0,,0.008820592905255387
2021-03-21,691070,16906,,3589255.0,0.3593978566029332,0.0,0.0,,0.010497496860123245
2021-03-22,696838,16912,,3681378.0,0.3686222802629496,5768.0,6.0,,0.009224423660016356
2021-03-23,701378,16932,,3747788.0,0.3752720200159069,4540.0,20.0,,0.006649739752957351
2021-03-24,706550,16949,,3776838.0,0.37818084308206273,5172.0,17.0,,0.002908823066155808
2021-03-25,712393,17003,,3841144.0,0.38461990594238005,5843.0,54.0,,0.006439062860317313
2021-03-26,718455,17023,,3914742.0,0.3919893916574554,6062.0,20.0,,0.007369485715075341
2021-03-27,723700,17047,,4006900.0,0.40121731992357557,5245.0,24.0,,0.009227928266120178
2021-03-28,723700,17047,,4114426.0,0.4119840706640738,0.0,0.0,,0.01076675074049821
2021-03-29,732938,17056,,4214787.0,0.4220333784693222,9238.0,9.0,,0.01004930780524843
2021-03-30,739244,17108,,4295979.0,0.43016326357731965,6306.0,52.0,,0.008129885107997448
2021-03-31,746351,17119,,4329057.0,0.43347541674022166,7107.0,11.0,,0.0033121531629020096
2021-04-01,753449,17174,,4419793.0,0.4425609578669245,7098.0,55.0,,0.009085541126702845
2021-04-02,759600,17194,,4514072.0,0.45200126526293505,6151.0,20.0,,0.009440307396010539
2021-04-03,768892,17259,,4619345.0,0.4625424195019514,9292.0,65.0,,0.01054115423901636
2021-04-04,768892,17259,,4749818.0,0.47560689013570534,0.0,0.0,,0.013064470633753933
2021-04-05,779974,17282,,4848250.0,0.4854630440788328,11082.0,23.0,,0.009856153943127444
2021-04-06,786123,17343,,4912079.0,0.49185434416453544,6149.0,61.0,,0.006391300085702656
2021-04-07,795492,17373,,4937557.0,0.49440549714489757,9369.0,30.0,,0.002551152980362126
2021-04-08,804031,17450,,5013346.0,0.5019943712020709,8539.0,77.0,,0.007588874057173345
2021-04-09,812865,17479,,5223390.0,0.5230264136154147,8834.0,29.0,,0.021032042413343777
2021-04-10,820404,17563,,5372960.0,0.5380030974710062,7539.0,84.0,,0.014976683855591477
2021-04-11,820404,17563,,5496030.0,0.5503262938480045,0.0,0.0,,0.012323196376998302
2021-04-12,830957,17576,,5585259.0,0.5592609366490379,10553.0,13.0,,0.008934642801033399
2021-04-13,841234,17657,,5620259.0,0.5627655427528401,10277.0,81.0,,0.0035046061038022103
2021-04-14,850583,17694,,5697977.0,0.5705475706721344,9349.0,37.0,,0.0077820279192942765
2021-04-15,857774,17817,,5805782.0,0.5813422581298601,7191.0,123.0,,0.010794687457725716
2021-04-16,867624,17858,,5921344.0,0.5929136664317913,9850.0,41.0,,0.011571408301931263
2021-04-17,873700,17934,,6045853.0,0.6053809521854574,6076.0,76.0,,0.012467285753666069
2021-04-18,873700,17934,,6158414.0,0.6166518655468882,0.0,0.0,,0.011270913361430823
2021-04-19,882871,17996,,6202312.0,0.62104744265388,9171.0,62.0,,0.004395577106991788
2021-04-20,889472,18086,,6234096.0,0.6242300255225443,6601.0,90.0,,0.003182582868664241
2021-04-21,895445,18130,,6330276.0,0.6338606830957928,5973.0,44.0,,0.009630657573248547
2021-04-22,900956,18251,,6440845.0,0.6449321343041159,5511.0,121.0,,0.011071451208323091
2021-04-23,906596,18283,,6554194.0,0.6562819513686838,5640.0,32.0,,0.011349817064567946
2021-04-24,911800,18409,,6662538.0,0.667130609760408,5204.0,126.0,,0.01084865839172422
2021-04-25,911800,18409,,6769798.0,0.6778707254945174,0.0,0.0,,0.010740115734109379
2021-04-26,918880,18446,,6832809.0,0.684180117928994,7080.0,37.0,,0.006309392434476591
2021-04-27,923464,18563,,6859562.0,0.6868589387031375,4584.0,117.0,,0.0026788207741434977
2021-04-28,928407,18600,,6948146.0,0.695728996620258,4943.0,37.0,,0.008870057917120477
2021-04-29,932604,18716,,7023900.0,0.7033143660713276,4197.0,116.0,,0.007585369451069579
2021-04-30,936467,18753,,7118239.0,0.7127606813635161,3863.0,37.0,,0.009446315292188534
2021-05-01,940175,18893,,7216189.0,0.722568571874014,3708.0,140.0,,0.009807890510497907
2021-05-02,940175,18893,,7281555.0,0.729113774233475,0.0,0.0,,0.006545202359460989
2021-05-03,945732,18922,,7312923.0,0.7322547023553055,5557.0,29.0,,0.003140928121830533
2021-05-04,948852,19055,,7312923.0,0.7322547023553055,3120.0,133.0,,0.0
2021-05-05,951899,19100,,7373940.0,0.7383644323734685,3047.0,45.0,,0.006109730018162951
2021-05-06,956012,19223,,7449790.0,0.7459594144584227,4113.0,123.0,,0.007594982084954238
2021-05-07,959379,19253,,7536559.0,0.7546477335161603,3367.0,30.0,,0.008688319057737592
2021-05-08,961956,19377,,7612067.0,0.7622084705929002,2577.0,124.0,,0.007560737076739876
2021-05-09,961956,19377,,7688179.0,0.7698296871578315,0.0,0.0,,0.00762121656493131
2021-05-10,964943,19411,,7735604.0,0.7745784284284836,2987.0,34.0,,0.004748741270652057
2021-05-11,967611,19513,,7773743.0,0.7783973476339954,2668.0,102.0,,0.003818919205511806
2021-05-12,970376,19528,,7817715.0,0.7828003344796065,2765.0,15.0,,0.004402986845611134
2021-05-13,972746,19646,,7875785.0,0.7886149766638293,2370.0,118.0,,0.005814642184222785
2021-05-14,974848,19678,,7933809.0,0.7944250127943155,2102.0,32.0,,0.005810036130486251
2021-05-15,976339,19790,,8005256.0,0.8015791154314115,1491.0,112.0,,0.007154102637095927
2021-05-16,976339,19790,,8073206.0,0.8083830578529361,0.0,0.0,,0.0068039424215246
2021-05-17,978915,19812,,8113368.0,0.8124045432912477,2576.0,22.0,,0.0040214854383116005
2021-05-18,980450,19899,,8137664.0,0.8148373407169043,1535.0,87.0,,0.0024327974256566076
2021-05-19,982400,19931,,8183944.0,0.8194714313021604,1950.0,32.0,,0.004634090585256101
2021-05-20,983970,20013,,8246377.0,0.8257229476701229,1570.0,82.0,,0.006251516367962506
2021-05-21,985229,20051,,8305925.0,0.831685584363529,1259.0,38.0,,0.0059626366934061314
2021-05-22,986435,20140,,8384059.0,0.8395092670296571,1206.0,89.0,,0.007823682666128096
2021-05-23,986435,20140,,8439354.0,0.8450460440156498,0.0,0.0,,0.005536776985992642
2021-05-24,987974,20154,,8474785.0,0.8485938068403303,1539.0,14.0,,0.0035477628246805004
2021-05-25,988947,20225,,8489240.0,0.8500412091612005,973.0,71.0,,0.0014474023208702613
2021-05-26,990002,20239,,8489495.0,0.8500667427199569,1055.0,14.0,,2.5533558756341e-05
2021-05-27,990638,20301,,8570263.0,0.8581541720282968,636.0,62.0,,0.008087429308339944
2021-05-28,991372,20324,,8611623.0,0.8622956151269614,734.0,23.0,,0.004141443098664599
2021-05-29,991941,20376,,8652493.0,0.8663879937401727,569.0,52.0,,0.004092378613211323
2021-05-30,991941,20376,,8687279.0,0.8698711716809403,0.0,0.0,,0.003483177940767579
2021-05-31,991941,20376,,8687279.0,0.8698711716809403,0.0,0.0,,0.0
2021-06-01,992925,20389,,8714009.0,0.8725476894282155,984.0,13.0,,0.0026765177472751756
2021-06-02,993422,20423,,8720932.0,0.8732409005155476,497.0,34.0,,0.0006932110873321129
2021-06-03,993952,20485,,8742979.0,0.8754485019661341,530.0,62.0,,0.002207601450586516
2021-06-04,994506,20511,,8773775.0,0.8785321548110682,554.0,26.0,,0.0030836528449340594
2021-06-05,994935,20588,,8774074.0,0.8785620941603549,429.0,77.0,,2.993934928674502e-05
2021-06-06,994935,20588,,8811858.0,0.8823454666468139,0.0,0.0,,0.0037833724864589913
2021-06-07,995397,20600,,8848018.0,0.8859662254100564,462.0,12.0,,0.0036207587632425264
2021-06-08,995759,20658,,8886592.0,0.8898287018628583,362.0,58.0,,0.0038624764528019107
2021-06-09,996065,20667,,8915473.0,0.892720602688113,306.0,9.0,,0.0028919008252547007
2021-06-10,996427,20712,,8952922.0,0.8964704310875784,362.0,45.0,,0.0037498283994653603
2021-06-11,996756,20720,,8953195.0,0.896497767015188,329.0,8.0,,2.733592760961745e-05
2021-06-12,996986,20778,,8994933.0,0.9006770598597738,230.0,58.0,,0.004179292844585736
2021-06-13,996986,20778,,9039175.0,0.9051070822381857,0.0,0.0,,0.004430022378411946
2021-06-14,997375,20787,,9078611.0,0.9090558721327441,389.0,9.0,,0.00394878989455838
2021-06-15,997595,20817,,9109439.0,0.9121427291889731,220.0,30.0,,0.00308685705622902
2021-06-16,997816,20822,,9109576.0,0.9121564472185794,221.0,5.0,,1.3718029606257787e-05
2021-06-17,997993,20848,,9185561.0,0.9197649470699341,177.0,26.0,,0.0076084998513547
2021-06-18,998149,20862,,9185778.0,0.9197866756277776,156.0,14.0,,2.172855784354777e-05
2021-06-19,998149,20862,,9239321.0,0.9251480220453743,0.0,0.0,,0.0053613464175966685
2021-06-20,998149,20862,,9239419.0,0.9251578349424648,0.0,0.0,,9.81289709056643e-06
2021-06-21,998507,20898,,9277147.0,0.9289356000591578,358.0,36.0,,0.0037777651166929216
2021-06-22,998641,20912,,9285546.0,0.9297766053924673,134.0,14.0,,0.0008410053333095524
2021-06-23,998877,20914,,9297932.0,0.9310168354268015,236.0,2.0,,0.0012402300343341555
2021-06-24,999052,20945,,9313318.0,0.932557460270033,175.0,31.0,,0.001540624843231475
2021-06-25,999119,20959,72580.0,9332321.0,0.9344602611211916,67.0,14.0,,0.0019028008511586814
2021-06-26,999119,20959,72580.0,9353199.0,0.9365508087279111,0.0,0.0,0.0,0.0020905476067194506
2021-06-27,999119,20959,72580.0,9353273.0,0.9365582184665305,0.0,0.0,0.0,7.409738619457151e-06
2021-06-28,999471,20964,72580.0,9353283.0,0.9365592197825602,352.0,5.0,0.0,1.00131602964737e-06
2021-06-29,999711,20996,72580.0,9411471.0,0.9423856774959329,240.0,32.0,0.0,0.005826457713372757
2021-06-30,1000019,20999,72580.0,9424037.0,0.9436439312188009,308.0,3.0,0.0,0.0012582537228679191
2021-07-01,1000241,21013,72580.0,9438647.0,0.9451068539381309,222.0,14.0,0.0,0.0014629227193300176
2021-07-02,1000375,21009,72580.0,9453792.0,0.9466233470650476,134.0,-4.0,0.0,0.001516493126916707
2021-07-03,1000375,21009,72580.0,9460993.0,0.9473443947380041,0.0,0.0,0.0,0.000721047672956554
2021-07-04,1000375,21009,72580.0,9467173.0,0.9479632080443327,0.0,0.0,0.0,0.0006188133063285139
2021-07-05,1000375,21009,72580.0,9467173.0,0.9479632080443327,0.0,0.0,0.0,0.0
2021-07-06,1000908,21031,72580.0,9468301.0,0.9480761564924781,533.0,22.0,0.0,0.00011294844814546678
2021-07-07,1000908,21031,72580.0,9469534.0,0.9481996187589349,0.0,0.0,0.0,0.00012346226645676417
2021-07-08,1000908,21031,72580.0,9494060.0,0.9506554464532735,0.0,0.0,0.0,0.002455827694338608
2021-07-09,1001745,21059,72580.0,9527196.0,0.9539734072491476,837.0,28.0,0.0,0.0033179607958740975
2021-07-10,1001745,21059,72580.0,9547108.0,0.9559672277274022,0.0,0.0,0.0,0.001993820478254582
2021-07-11,1001745,21059,72580.0,9562802.0,0.957538693104347,0.0,0.0,0.0,0.0015714653769448583
2021-07-12,1001745,21059,72580.0,9574588.0,0.9587188441769017,0.0,0.0,0.0,0.0011801510725546471
2021-07-13,1002488,21092,72580.0,9582679.0,0.9595290089764978,743.0,33.0,0.0,0.0008101647995961692
2021-07-14,1002488,21092,72580.0,9595338.0,0.9607965749384416,0.0,0.0,0.0,0.001267565961943773
2021-07-15,1002488,21092,72580.0,9608785.0,0.9621430446035224,0.0,0.0,0.0,0.001346469665080785
2021-07-16,1003432,21109,72580.0,9608945.0,0.962159065659997,944.0,17.0,0.0,1.6021056474579964e-05
2021-07-17,1003432,21109,72580.0,9638398.0,0.965108241762148,0.0,0.0,0.0,0.002949176102151063
2021-07-18,1003432,21109,72580.0,9638468.0,0.9651152509743556,0.0,0.0,0.0,7.00921220753159e-06
2021-07-19,1003432,21109,72580.0,9638481.0,0.9651165526851941,0.0,0.0,0.0,1.3017108385637854e-06
2021-07-20,1004630,21124,72580.0,9672048.0,0.9684776702019464,1198.0,15.0,0.0,0.0033611175167522767
2021-07-21,1004630,21124,72580.0,9684635.0,0.9697380266884766,0.0,0.0,0.0,0.001260356486530223
2021-07-22,1004630,21124,72580.0,9699731.0,0.971249613366848,0.0,0.0,0.0,0.0015115866783713683
2021-07-23,1006360,21146,72580.0,9715213.0,0.9727998508439643,1730.0,22.0,0.0,0.0015502374771162453
2021-07-24,1006360,21146,72580.0,9728587.0,0.9741390109020286,0.0,0.0,0.0,0.001339160058064337
2021-07-25,1006360,21146,72580.0,9742695.0,0.9755516675566698,0.0,0.0,0.0,0.0014126566546411867
2021-07-26,1006360,21146,72580.0,9749048.0,0.9761878036303113,0.0,0.0,0.0,0.0006361360736415467
2021-07-27,1008429,21165,104271.0,9753706.0,0.9766542166369259,2069.0,19.0,31691.0,0.0004664130066145411
2021-07-28,1008429,21165,104271.0,9763518.0,0.9776367079252262,0.0,0.0,0.0,0.0009824912883003023
2021-07-29,1008429,21165,104271.0,9775528.0,0.9788392884768451,0.0,0.0,0.0,0.0012025805516189259
2021-07-30,1011106,21188,104271.0,9786134.0,0.9799012842579001,2677.0,23.0,0.0,0.0010619957810550362
2021-07-31,1011106,21188,104271.0,9798817.0,0.9811712533783151,0.0,0.0,0.0,0.0012699691204149932
2021-08-01,1011106,21188,104271.0,9814438.0,0.9827354091482435,0.0,0.0,0.0,0.0015641557699284103
2021-08-02,1011106,21188,104271.0,9814443.0,0.9827359098062584,0.0,0.0,0.0,5.00658014823685e-07
2021-08-03,1014087,21216,109539.0,9828892.0,0.9841827113375109,2981.0,28.0,5268.0,0.0014468015312525395
2021-08-04,1014087,21216,109539.0,9840190.0,0.9853139981878183,0.0,0.0,0.0,0.0011312868503073892
2021-08-05,1014087,21216,109539.0,9853367.0,0.9866334323200983,0.0,0.0,0.0,0.001319434132279973
2021-08-06,1018601,21221,109539.0,9867777.0,0.9880763287188352,4514.0,5.0,0.0,0.0014428963987369592
2021-08-07,1018601,21221,109539.0,9880185.0,0.9893187616484346,0.0,0.0,0.0,0.0012424329295993575
2021-08-08,1018601,21221,109539.0,9893303.0,0.9906322880161396,0.0,0.0,0.0,0.0013135263677049869
2021-08-09,1021681,21228,114939.0,9893319.0,0.990633890121787,3080.0,7.0,5400.0,1.602105647480201e-06
2021-08-10,1021681,21228,114939.0,9908203.0,0.9921242489003297,0.0,0.0,0.0,0.0014903587785426442
2021-08-11,1025003,21252,114939.0,9919802.0,0.9932856753631297,3322.0,24.0,0.0,0.0011614264628000415
2021-08-12,1025003,21252,114939.0,9931532.0,0.9944602190659183,0.0,0.0,0.0,0.0011745437027885774
2021-08-13,1028630,21284,114939.0,9945106.0,0.9958194054445758,3627.0,32.0,0.0,0.0013591863786575065
2021-08-14,1028630,21284,114939.0,9959554.0,0.9972661068442253,0.0,0.0,0.0,0.0014467013996495304
2021-08-15,1028630,21284,114939.0,9971999.0,0.9985122446431345,0.0,0.0,0.0,0.0012461377989091416
2021-08-16,1032520,21304,114939.0,9980408.0,0.9993542512924737,3890.0,20.0,0.0,0.0008420066493391998
2021-08-17,1032520,21304,121093.0,9986330.0,0.999947230645237,0.0,0.0,6154.0,0.0005929793527633676
2021-08-18,1035827,21353,121093.0,9999143.0,1.0012302168740375,3307.0,49.0,0.0,0.001282986228800409
2021-08-19,1035827,21353,121093.0,10015494.0,1.002867468714131,0.0,0.0,0.0,0.0016372518400935565
2021-08-20,1040673,21393,121093.0,10029672.0,1.0042871345809798,4846.0,40.0,0.0,0.0014196658668488293
2021-08-21,1040673,21393,121093.0,10046612.0,1.00598336393522,0.0,0.0,0.0,0.0016962293542401863
2021-08-22,1040673,21393,121093.0,10065791.0,1.0079037879485007,0.0,0.0,0.0,0.0019204240132806305
2021-08-23,1044958,21405,128981.0,10074092.0,1.0087349803847196,4285.0,12.0,7888.0,0.000831192436218986
2021-08-24,1044958,21405,128981.0,10080912.0,1.0094178779169463,0.0,0.0,0.0,0.0006828975322266118
2021-08-25,1050153,21446,128981.0,10094695.0,1.0107979918006236,5195.0,41.0,0.0,0.0013801138836773141
2021-08-26,1050153,21446,128981.0,10112558.0,1.0125866426244012,0.0,0.0,0.0,0.00178865082377766
2021-08-27,1054709,21520,128981.0,10131404.0,1.0144737228138943,4556.0,74.0,0.0,0.0018870801894930178
2021-08-28,1054709,21520,128981.0,10149473.0,1.016283000747883,0.0,0.0,0.0,0.0018092779339886622
2021-08-29,1054709,21520,128981.0,10167391.0,1.0180771588098239,0.0,0.0,0.0,0.0017941580619409425
2021-08-30,1060343,21547,138862.0,10179797.0,1.019319391476217,5634.0,27.0,9881.0,0.0012422326663932282
2021-08-31,1060343,21547,138862.0,10187046.0,1.0200452454661162,0.0,0.0,0.0,0.0007258539898991057
2021-09-01,1065671,21616,138862.0,10202077.0,1.0215503235902947,5328.0,69.0,0.0,0.0015050781241785494
2021-09-02,1065671,21616,138862.0,10219092.0,1.0232540628147575,0.0,0.0,0.0,0.0017037392244627636
2021-09-03,1070963,21672,138862.0,10234537.0,1.0248005954225639,5292.0,56.0,0.0,0.0015465326078063502
2021-09-04,1070963,21672,138862.0,10249429.0,1.0262917552539303,0.0,0.0,0.0,0.0014911598313664953
2021-09-05,1070963,21672,138862.0,10249429.0,1.0262917552539303,0.0,0.0,0.0,0.0
2021-09-06,1070963,21672,138862.0,10249429.0,1.0262917552539303,0.0,0.0,0.0,0.0
2021-09-07,1077871,21704,152267.0,10276607.0,1.029013131959334,6908.0,32.0,13405.0,0.002721376705403733
2021-09-08,1081179,21758,152267.0,10280439.0,1.029396836261899,3308.0,54.0,0.0,0.0003837043025649578
2021-09-09,1081179,21758,152267.0,10291085.0,1.0304628373070728,0.0,0.0,0.0,0.0010660010451737367
2021-09-10,1088201,21821,152267.0,10310263.0,1.0323831611887504,7022.0,63.0,0.0,0.0019203238816776214
2021-09-11,1088201,21821,165269.0,10323430.0,1.0337015940050007,0.0,0.0,13002.0,0.0013184328162503256
2021-09-12,1088201,21821,165269.0,10337553.0,1.0351157526336865,0.0,0.0,0.0,0.0014141586286857688
2021-09-13,1095200,21854,165269.0,10347472.0,1.036108958003504,6999.0,33.0,0.0,0.000993205369817618
2021-09-14,1095200,21854,165269.0,10352589.0,1.0366213314158799,0.0,0.0,0.0,0.0005123734123757551
2021-09-15,1102957,21920,165269.0,10364171.0,1.0377810556414295,7757.0,66.0,0.0,0.0011597242255496631
2021-09-16,1102957,21920,165269.0,10377873.0,1.0391530588652667,0.0,0.0,0.0,0.001372003223837126
2021-09-17,1109643,21997,165269.0,10391234.0,1.0404909172124923,6686.0,77.0,0.0,0.0013378583472256622
2021-09-18,1109643,21997,165269.0,10436377.0,1.0450111581651764,0.0,0.0,0.0,0.004520240952684107
2021-09-19,1109643,21997,165269.0,10455358.0,1.04691175612107,0.0,0.0,0.0,0.0019005979558934794
2021-09-20,1117846,22034,197750.0,10467648.0,1.0481423735215194,8203.0,37.0,32481.0,0.0012306174004494963
2021-09-21,1117846,22034,197750.0,10480280.0,1.0494072359301831,0.0,0.0,0.0,0.0012648624086637472
2021-09-22,1125564,22127,197750.0,10491634.0,1.0505441301502565,7718.0,93.0,0.0,0.0011368942200733478
2021-09-23,1125564,22127,197750.0,10505445.0,1.0519270477188167,0.0,0.0,0.0,0.001382917568560238
